<?xml version="1.0" encoding="UTF-8"?>
<beans xmlns="http://www.springframework.org/schema/beans"
       xmlns:xsi="http://www.w3.org/2001/XMLSchema-instance" xmlns:context="http://www.springframework.org/schema/context"
       xmlns:mvc="http://www.springframework.org/schema/mvc"
       xsi:schemaLocation="http://www.springframework.org/schema/beans http://www.springframework.org/schema/beans/spring-beans.xsd http://www.springframework.org/schema/context http://www.springframework.org/schema/context/spring-context.xsd http://www.springframework.org/schema/mvc http://www.springframework.org/schema/mvc/spring-mvc.xsd">

    <mvc:default-servlet-handler/>

    <!-- Controller包(自动注入) -->
    <context:component-scan base-package="com.controller"/>

    <!-- FastJson注入 -->
    <mvc:annotation-driven>
        <!-- <mvc:message-converters register-defaults="true">
            避免IE执行AJAX时,返回JSON出现下载文件
            FastJson
            <bean id="fastJsonHttpMessageConverter"
                  class="com.alibaba.fastjson.support.spring.FastJsonHttpMessageConverter">
                <property name="supportedMediaTypes">
                    <list>
                        这里顺序不能反，一定先写text/html,不然ie下出现下载提示
                        <value>text/html;charset=UTF-8</value>
                        <value>application/json;charset=UTF-8</value>
                    </list>
                </property>
                <property name="features">
                    <array value-type="com.alibaba.fastjson.serializer.SerializerFeature">
                        避免循环引用
                        <value>DisableCircularReferenceDetect</value>
                        是否输出值为null的字段
                        <value>WriteMapNullValue</value>
                        数值字段如果为null,输出为0,而非null
                        <value>WriteNullNumberAsZero</value>
                        字符类型字段如果为null,输出为"",而非null 
                        <value>WriteNullStringAsEmpty</value>
                        List字段如果为null,输出为[],而非null
                        <value>WriteNullListAsEmpty</value>
                        Boolean字段如果为null,输出为false,而非null
                        <value>WriteNullBooleanAsFalse</value>
                    </array>
                </property>
            </bean>
        </mvc:message-converters> -->
    </mvc:annotation-driven>
    <!-- 静态资源配置 -->
    <mvc:resources mapping="/resources/**" location="/resources/"/>
    <!-- 对模型视图名称的解析,即在模型视图名称添加前后缀 -->
    <bean class="org.springframework.web.servlet.view.InternalResourceViewResolver">
        <property name="prefix" value="/WEB-INF/pages/"/>
        <property name="suffix" value=".jsp"/>
    </bean>
    
    <!-- 拦截器配置 -->
    <mvc:interceptors>
        <mvc:interceptor>
            <mvc:mapping path="/**"/>
            <mvc:exclude-mapping path="/upload"/>
            <bean class="com.interceptor.AuthorizationInterceptor"/>
        </mvc:interceptor>
    </mvc:interceptors>

    <!-- 上传限制 -->
    <bean id="multipartResolver" class="org.springframework.web.multipart.commons.CommonsMultipartResolver">
        <!-- 上传文件大小限制为300M，300*1024*1024 -->
        <property name="maxUploadSize" value="314572800"/>
    </bean>

</beans>
